6|7|8851|130.72|usly final packages. slyly ironic accounts poach across the even, sly requests. carefully pending request
6|2507|1627|424.25| quick packages. ironic deposits print. furiously silent platelets across the carefully final requests are slyly along the furiously even instructi
6|5007|3336|642.13|final instructions. courts wake packages. blithely unusual realms along the multipliers nag 
6|7507|6451|175.32| accounts alongside of the slyly even accounts wake carefully final instructions-- ruthless platelets wake carefully ideas. even deposits are quickly final,
7|8|7454|763.98|y express tithes haggle furiously even foxes. furiously ironic deposits sleep toward the furiously unusual
7|2508|2770|149.66|hould have to nag after the blithely final asymptotes. fluffily spe
7|5008|3377|68.77|usly against the daring asymptotes. slyly regular platelets sleep quickly blithely regular deposits. boldly regular deposits wake blithely ironic accounts
7|7508|9460|299.58|. furiously final ideas hinder slyly among the ironic, final packages. blithely ironic dependencies cajole pending requests: blithely even packa
8|9|6834|249.63|lly ironic accounts solve express, unusual theodolites. special packages use quickly. quickly fin
8|2509|396|957.34|r accounts. furiously pending dolphins use even, regular platelets. final
8|5009|9845|220.62|s against the fluffily special packages snooze slyly slyly regular p
8|7509|8126|916.91|final accounts around the blithely special asymptotes wake carefully beyond the bold dugouts. regular ideas haggle furiously after
9|10|7054|84.20|ts boost. evenly regular packages haggle after the quickly careful accounts. 
9|2510|7542|811.84|ate after the final pinto beans. express requests cajole express packages. carefully bold ideas haggle furiously. blithely express accounts eat carefully among the evenly busy accounts. carefully un
9|5010|9583|381.31|d foxes. final, even braids sleep slyly slyly regular ideas. unusual ideas above
9|7510|3063|291.84| the blithely ironic instructions. blithely express theodolites nag furiously. carefully bold requests shall have to use slyly pending requests. carefully regular instr
10|11|2952|996.12| bold foxes wake quickly even, final asymptotes. blithely even depe
10|2511|3335|673.27|s theodolites haggle according to the fluffily unusual instructions. silent realms nag carefully ironic theodolites. furiously unusual instructions would detect fu
10|5011|5691|164.00|r, silent instructions sleep slyly regular pinto beans. furiously unusual gifts use. silently ironic theodolites cajole final deposits! express dugouts are furiously. packages sleep 
10|7511|841|374.02|refully above the ironic packages. quickly regular packages haggle foxes. blithely ironic deposits a
