21|lemon floral azure frosted lime|Manufacturer#3|Brand#33|SMALL BURNISHED TIN|31|MED BAG|921.02|ss packages. pendin
22|medium forest blue ghost black|Manufacturer#4|Brand#43|PROMO POLISHED BRASS|19|LG DRUM|922.02| even p
23|coral lavender seashell rosy burlywood|Manufacturer#3|Brand#35|MEDIUM BURNISHED TIN|42|JUMBO JAR|923.02|nic, fina
24|seashell coral metallic midnight floral|Manufacturer#5|Brand#52|MEDIUM PLATED STEEL|20|MED CASE|924.02| final the
25|aquamarine steel firebrick light turquoise|Manufacturer#5|Brand#55|STANDARD BRUSHED COPPER|3|JUMBO BAG|925.02|requests wake
26|beige frosted moccasin chocolate snow|Manufacturer#3|Brand#32|SMALL BRUSHED STEEL|32|SM CASE|926.02| instructions i
27|saddle puff beige linen yellow|Manufacturer#1|Brand#14|LARGE ANODIZED TIN|20|MED PKG|927.02|s wake. ir
28|navajo yellow drab white misty|Manufacturer#4|Brand#44|SMALL PLATED COPPER|19|JUMBO PKG|928.02|x-ray pending, iron
29|lemon sky grey salmon orchid|Manufacturer#3|Brand#33|PROMO PLATED COPPER|7|LG DRUM|929.02| carefully fluffi
30|cream misty steel spring medium|Manufacturer#4|Brand#42|PROMO ANODIZED TIN|17|LG BOX|930.03|carefully bus
31|slate seashell steel medium moccasin|Manufacturer#5|Brand#53|STANDARD BRUSHED TIN|10|LG BAG|931.03|uriously s
32|sandy wheat coral spring burnished|Manufacturer#4|Brand#42|ECONOMY PLATED BRASS|31|LG CASE|932.03|urts. carefully fin
33|spring bisque salmon slate pink|Manufacturer#2|Brand#22|ECONOMY PLATED NICKEL|16|LG PKG|933.03|ly eve
34|khaki steel rose ghost salmon|Manufacturer#1|Brand#13|LARGE BRUSHED STEEL|8|JUMBO BOX|934.03|riously ironic
35|green blush tomato burlywood seashell|Manufacturer#4|Brand#43|MEDIUM ANODIZED BRASS|14|JUMBO PACK|935.03|e carefully furi
36|chiffon tan forest moccasin dark|Manufacturer#2|Brand#25|SMALL BURNISHED COPPER|3|JUMBO CAN|936.03|olites o
37|royal coral orange burnished navajo|Manufacturer#4|Brand#45|LARGE POLISHED TIN|48|JUMBO BOX|937.03|silent 
38|seashell papaya white mint brown|Manufacturer#4|Brand#43|ECONOMY ANODIZED BRASS|11|SM JAR|938.03|structions inte
39|rose medium floral salmon powder|Manufacturer#5|Brand#53|SMALL POLISHED TIN|43|JUMBO JAR|939.03|se slowly above the fl
40|lemon midnight metallic sienna steel|Manufacturer#2|Brand#25|ECONOMY BURNISHED COPPER|27|SM CASE|940.04|! blithely specia
